Date,From,To,Subject,Body,Categories
2025-09-17 08:41:55,hillbenjamin@example.com,mirandabrock@example.net,Follow-up on pending item,The vendor mentioned an appreciation if we clear this quickly. Customer mentioned poor response from the support team. Please make the performance data appear more consistent. Born strong score institution thousand practice. Against cause skill how though enjoy ask adult break require management. Please treat this message with appropriate discretion.,Market bribery; Complaints; Market manipulation/Misconduct
2024-12-24 08:41:55,rbaker@example.net,mathisapril@example.net,Please verify the attached details,Customer mentioned poor response from the support team. Let's align numbers based on tomorrow’s results before publishing. Into standard view land manager agree none seek pull write cup sport election. Language future approach mind tell consumer lose southern impact. Please treat this message with appropriate discretion.,Complaints; Market manipulation/Misconduct
2025-09-06 08:41:55,graythomas@example.net,lopeznicole@example.org,Client review summary,Let’s continue this topic on a personal channel. Case loss education pattern news question dream news less can single. Leader dark note reduce ten much example teacher civil. Please treat this message with appropriate discretion.,Change in communication
2024-12-21 08:41:55,jamesbrewer@example.org,cramos@example.org,Follow-up on pending item,The client meeting summary and minutes are attached for records.,Compliant
2025-06-23 08:41:55,jessica93@example.com,scottsheppard@example.net,Action required before submission,Avoid extending this discussion over official mail. Let’s ensure the attached data remains confidential within our group. Customer mentioned poor response from the support team. Kind official anything require goal budget important which impact. Situation stand everything in several exactly true relationship travel authority most chance vote teach bar. Please treat this message with appropriate discretion.,Change in communication; Secrecy; Complaints
2025-02-15 08:41:55,christinabarnett@example.org,williamsangela@example.org,Team coordination note,Please keep the attached document restricted to internal teams only. Avoid extending this discussion over official mail. Foreign computer half number across bar current record feel yet. Situation stuff if though strong building never site. Please treat this message with appropriate discretion.,Secrecy; Change in communication
2025-10-12 08:41:55,robin53@example.net,lucasgallagher@example.com,Internal update,Sharing internal memo for next week’s compliance meeting.,Compliant
2025-05-02 08:41:55,thood@example.net,olewis@example.net,Follow-up on pending item,Please keep the attached document restricted to internal teams only. Please make the performance data appear more consistent. Avoid extending this discussion over official mail. Positive degree structure cold establish mean power within letter including research. Together easy writer responsibility security take plant. Please treat this message with appropriate discretion.,Secrecy; Market manipulation/Misconduct; Change in communication
2025-04-09 08:41:55,ashleybaldwin@example.org,jessica67@example.org,Follow-up on pending item,Let’s continue this topic on a personal channel. The vendor mentioned an appreciation if we clear this quickly. Please make the performance data appear more consistent. Term take energy few wrong if whether cell eight Mrs. Color them machine development vote key approach president where public another. Please treat this message with appropriate discretion.,Change in communication; Market bribery; Market manipulation/Misconduct
2025-06-05 08:41:55,ymyers@example.net,bgeorge@example.com,Meeting notes and next steps,Please find attached the monthly portfolio report for your review.,Compliant
2025-02-05 08:41:55,mollymontgomery@example.net,deborahsmith@example.net,Internal update,Avoid extending this discussion over official mail. Customer mentioned poor response from the support team. Concerns raised about a team member sharing internal data externally. Unit quite without decide series conference huge. Country level those direction western machine analysis indicate agree north thousand election material out describe report. Please treat this message with appropriate discretion.,Change in communication; Complaints; Employee ethics
2025-09-08 08:41:55,mkline@example.org,masseyjordan@example.org,Monthly report attached,Audit observed irregular entries in one associate’s activity. Let's align numbers based on tomorrow’s results before publishing. Consider weight score across her specific run open popular follow speech. Probably adult color nature more computer public exactly resource culture age nature child. Please treat this message with appropriate discretion.,Employee ethics; Market manipulation/Misconduct
2025-03-01 08:41:55,andrew80@example.net,michelle56@example.com,Monthly report attached,Here’s the project progress update as discussed in our call.,Compliant
2025-05-26 08:41:55,lmoreno@example.net,sanderson@example.org,Team coordination note,They hinted at a reward for prioritizing their request. Let’s ensure the attached data remains confidential within our group. Ok its represent how finally human reality government to impact enjoy. Player area arrive school middle stand office paper gas expect party despite wait. Please treat this message with appropriate discretion.,Market bribery; Secrecy
2025-01-10 08:41:55,hyoung@example.net,sduncan@example.com,Internal update,Received escalation due to wrong debit entries on account. The vendor mentioned an appreciation if we clear this quickly. Please keep the attached document restricted to internal teams only. Yet clear contain bit political big another main home picture box situation enough. Us read she phone dinner last yourself energy story worry physical agree site important. Please treat this message with appropriate discretion.,Complaints; Market bribery; Secrecy
2025-07-13 08:41:55,raymondnorton@example.org,rcohen@example.net,Follow-up on pending item,Let's align numbers based on tomorrow’s results before publishing. Concerns raised about a team member sharing internal data externally. Received escalation due to wrong debit entries on account. Nearly ten mouth human boy school. Institution wish success hour build trip yard newspaper. Please treat this message with appropriate discretion.,Market manipulation/Misconduct; Employee ethics; Complaints
2024-11-23 08:41:55,adamortiz@example.com,frazierrachel@example.com,Monthly report attached,Let’s continue this topic on a personal channel. Break cold road many color often move small measure building development whom meeting. Hospital new result three civil image available line. Please treat this message with appropriate discretion.,Change in communication
2025-06-28 08:41:55,whiterobert@example.net,yhoffman@example.com,Monthly report attached,Here’s the project progress update as discussed in our call.,Compliant
2025-09-22 08:41:55,swilliams@example.com,fhoward@example.org,Client review summary,Please find attached the monthly portfolio report for your review.,Compliant
2024-12-14 08:41:55,whitewilliam@example.com,seanmiller@example.net,Please verify the attached details,Here’s the project progress update as discussed in our call.,Compliant
2025-02-17 08:41:55,paige36@example.com,erin07@example.net,Action required before submission,The vendor mentioned an appreciation if we clear this quickly. Concerns raised about a team member sharing internal data externally. Democrat person situation two college federal as none more three social. Hotel hot practice share provide officer general plant the blood job create believe information. Please treat this message with appropriate discretion.,Market bribery; Employee ethics
2025-06-16 08:41:55,andrea51@example.net,eandersen@example.org,Follow-up on pending item,Kindly confirm the updated KYC document before next transaction.,Compliant
2025-05-03 08:41:55,jonathan37@example.org,thomas81@example.com,Monthly report attached,Audit observed irregular entries in one associate’s activity. Received escalation due to wrong debit entries on account. The idea present situation example federal clear. Carry wear account wish arm authority several under industry this box avoid house. Please treat this message with appropriate discretion.,Employee ethics; Complaints
2025-02-01 08:41:55,stevenskevin@example.com,littleandrea@example.org,Meeting notes and next steps,The vendor mentioned an appreciation if we clear this quickly. Let's align numbers based on tomorrow’s results before publishing. Can travel chair during wide week future past. Long party front relate rate act life too natural test usually skin owner laugh. Please treat this message with appropriate discretion.,Market bribery; Market manipulation/Misconduct
2025-01-01 08:41:55,johnsonkarla@example.net,ashley50@example.net,Client review summary,Kindly confirm the updated KYC document before next transaction.,Compliant
2025-10-15 08:41:55,lopezkimberly@example.net,kimberly87@example.net,Monthly report attached,Avoid extending this discussion over official mail. We identified possible conflict of interest in client handling. Received escalation due to wrong debit entries on account. Operation free song fear other give. Court region though once ten production possible medical similar notice strong ever experience through. Please treat this message with appropriate discretion.,Change in communication; Employee ethics; Complaints
2025-01-07 08:41:55,butlerstephen@example.com,marissabrooks@example.com,Team coordination note,Here’s the project progress update as discussed in our call.,Compliant
2025-08-14 08:41:55,donna17@example.net,danielcontreras@example.org,Monthly report attached,Customer mentioned poor response from the support team. Avoid extending this discussion over official mail. We identified possible conflict of interest in client handling. Seek everybody ball itself young anyone. Dark western this future sense view letter. Please treat this message with appropriate discretion.,Complaints; Change in communication; Employee ethics
2025-08-01 08:41:55,anthony14@example.net,julia27@example.net,Monthly report attached,Sharing internal memo for next week’s compliance meeting.,Compliant
2025-08-11 08:41:55,heathermiller@example.org,natalie50@example.net,Team coordination note,Let’s ensure the attached data remains confidential within our group. Mother window industry summer fly decision accept stock pressure together job table write. Street walk ok region eye draw quality plan environment century part point. Please treat this message with appropriate discretion.,Secrecy
2025-01-07 08:41:55,hannahaguilar@example.com,jason57@example.net,Please verify the attached details,Let’s ensure the attached data remains confidential within our group. Let’s continue this topic on a personal channel. Received escalation due to wrong debit entries on account. Space attack senior theory system main. Entire send system best church itself total color. Please treat this message with appropriate discretion.,Secrecy; Change in communication; Complaints
2025-10-24 08:41:55,samanthalee@example.com,kevingarcia@example.org,Meeting notes and next steps,Customer mentioned poor response from the support team. Mind around range will same with team them member prove statement another. Weight wait face fine likely thought way Mr argue Mr. Please treat this message with appropriate discretion.,Complaints
2024-12-20 08:41:55,vthompson@example.net,timothy71@example.org,Follow-up on pending item,Let’s ensure the attached data remains confidential within our group. Area see environmental but third magazine exist draw success know next land control. Place money low full lawyer much accept question boy teacher involve attorney which today recently nation. Please treat this message with appropriate discretion.,Secrecy
2025-02-17 08:41:55,ngriffin@example.org,johnsontammy@example.net,Team coordination note,Audit observed irregular entries in one associate’s activity. Let’s ensure the attached data remains confidential within our group. Business project world people Democrat movement site culture project white. Some rate turn ability entire cut before. Please treat this message with appropriate discretion.,Employee ethics; Secrecy
2025-09-20 08:41:55,ywalsh@example.com,ericaholmes@example.com,Internal update,Let’s continue this topic on a personal channel. Machine surface know garden section group building both interview throw structure traditional fire. Practice artist wrong nation life this bar. Please treat this message with appropriate discretion.,Change in communication
2025-09-05 08:41:55,jessica27@example.com,roger46@example.com,Team coordination note,The client meeting summary and minutes are attached for records.,Compliant
2025-03-02 08:41:55,logan39@example.net,aliciasherman@example.net,Action required before submission,Can you revise the figures slightly before sharing the final report? Truth until find both radio create agency respond cover participant line model. Join give final apply prove pay heart film series deal. Please treat this message with appropriate discretion.,Market manipulation/Misconduct
2025-05-22 08:41:55,omendez@example.net,aponce@example.net,Meeting notes and next steps,The client meeting summary and minutes are attached for records.,Compliant
2024-11-10 08:41:55,qatkinson@example.com,tdavis@example.net,Follow-up on pending item,The client meeting summary and minutes are attached for records.,Compliant
2024-11-15 08:41:55,sarahrodriguez@example.net,frank50@example.com,Client review summary,Can you revise the figures slightly before sharing the final report? Received escalation due to wrong debit entries on account. Peace long quality crime that like hour good speech tend player both behind. Listen trouble something go along news drop south. Please treat this message with appropriate discretion.,Market manipulation/Misconduct; Complaints
2025-07-01 08:41:55,andreamorrison@example.com,robertgreene@example.com,Action required before submission,The client meeting summary and minutes are attached for records.,Compliant
2025-05-01 08:41:55,gwhite@example.net,watsoncharles@example.org,Follow-up on pending item,Here’s the project progress update as discussed in our call.,Compliant
2025-09-19 08:41:55,waltonmary@example.net,ruizthomas@example.org,Monthly report attached,We identified possible conflict of interest in client handling. Let's align numbers based on tomorrow’s results before publishing. Received escalation due to wrong debit entries on account. Decade college may best wall bad TV through perform take. Environmental cut impact culture pattern audience friend course development. Please treat this message with appropriate discretion.,Employee ethics; Market manipulation/Misconduct; Complaints
2025-04-11 08:41:55,john17@example.org,megancruz@example.net,Monthly report attached,Let’s ensure the attached data remains confidential within our group. Language must parent cold common single best drug anything. Especially rise build question friend help force main point especially affect. Please treat this message with appropriate discretion.,Secrecy
2025-07-01 08:41:55,smithcrystal@example.net,jennifermurphy@example.com,Team coordination note,Attached is the finalized interest rate sheet for the current quarter.,Compliant
2025-06-13 08:41:55,huntbrenda@example.com,davismartha@example.net,Monthly report attached,We can discuss this over a call instead of email. Let's align numbers based on tomorrow’s results before publishing. As above civil drive kid boy cost these stock or culture last ground. Protect summer main want moment put well image expert relationship nor unit. Please treat this message with appropriate discretion.,Change in communication; Market manipulation/Misconduct
2025-07-04 08:41:55,murphynicole@example.net,pmahoney@example.net,Client review summary,Here’s the project progress update as discussed in our call.,Compliant
2025-04-20 08:41:55,dmoore@example.org,cooperstephanie@example.org,Internal update,Let’s ensure the attached data remains confidential within our group. They hinted at a reward for prioritizing their request. Customer mentioned poor response from the support team. Herself lose political few support pass. Catch her region police stay land air address such doctor old financial girl this. Please treat this message with appropriate discretion.,Secrecy; Market bribery; Complaints
2025-06-13 08:41:55,kingvictoria@example.com,christopher24@example.com,Monthly report attached,Please review the attached reconciliation file and approve.,Compliant
2025-03-20 08:41:55,dana75@example.org,freemanstephanie@example.com,Action required before submission,Please find attached the monthly portfolio report for your review.,Compliant
2024-11-26 08:41:55,perry54@example.com,lori23@example.net,Client review summary,They hinted at a reward for prioritizing their request. Avoid circulating this investment report outside the department. Concerns raised about a team member sharing internal data externally. New cultural style provide inside half six range. Successful minute table I whose billion first issue. Please treat this message with appropriate discretion.,Market bribery; Secrecy; Employee ethics
2025-03-29 08:41:55,xwashington@example.org,thomas42@example.net,Monthly report attached,Concerns raised about a team member sharing internal data externally. The client reported dissatisfaction with delayed service. Trip approach blue give none change news seem yet nothing peace. Around however likely need include partner leave leader help both some. Please treat this message with appropriate discretion.,Employee ethics; Complaints
2025-05-22 08:41:55,hoffmandonna@example.net,crystal02@example.org,Follow-up on pending item,We can discuss this over a call instead of email. Let's align numbers based on tomorrow’s results before publishing. Want firm book same most after. Already important start account section although kitchen social spend international address million. Please treat this message with appropriate discretion.,Change in communication; Market manipulation/Misconduct
2025-02-24 08:41:55,elizabethwilliams@example.com,rkoch@example.com,Follow-up on pending item,Customer mentioned poor response from the support team. Please make the performance data appear more consistent. Please keep the attached document restricted to internal teams only. Forward sign never physical either animal authority set season it enjoy soon. Stop become administration really score fire value daughter small. Please treat this message with appropriate discretion.,Complaints; Market manipulation/Misconduct; Secrecy
2025-10-30 08:41:55,pthomas@example.com,coreyweber@example.org,Team coordination note,Here’s the project progress update as discussed in our call.,Compliant
2025-07-10 08:41:55,robin12@example.org,brivera@example.org,Please verify the attached details,The client meeting summary and minutes are attached for records.,Compliant
2025-09-03 08:41:55,hoffmanpaul@example.com,foleyjason@example.com,Monthly report attached,Received escalation due to wrong debit entries on account. Concerns raised about a team member sharing internal data externally. Political vote entire energy either player. Artist system determine although customer production together man company. Please treat this message with appropriate discretion.,Complaints; Employee ethics
2025-08-18 08:41:55,tponce@example.net,yfoster@example.org,Action required before submission,Let's align numbers based on tomorrow’s results before publishing. The client reported dissatisfaction with delayed service. We might get a favor if we approve their proposal early. Card will hand since garden professional long drug. Major color training whether natural member pay success and account expert fall place opportunity offer old. Please treat this message with appropriate discretion.,Market manipulation/Misconduct; Complaints; Market bribery
2025-06-04 08:41:55,rcox@example.net,blake97@example.org,Action required before submission,Audit observed irregular entries in one associate’s activity. Case tax change compare skill fall find bed message gas investment. Question tax major factor power allow voice majority as evening various sing new maybe church. Please treat this message with appropriate discretion.,Employee ethics
2024-12-18 08:41:55,chelsea31@example.net,moralesvincent@example.org,Please verify the attached details,Attached is the finalized interest rate sheet for the current quarter.,Compliant
2025-08-19 08:41:55,judy85@example.org,jlopez@example.com,Action required before submission,We identified possible conflict of interest in client handling. They hinted at a reward for prioritizing their request. We can discuss this over a call instead of email. Church prove now anyone view be bit travel. Put follow design wide buy exist send moment positive risk to far positive paper. Please treat this message with appropriate discretion.,Employee ethics; Market bribery; Change in communication
2025-01-09 08:41:55,maciascameron@example.org,alicia81@example.net,Meeting notes and next steps,We can discuss this over a call instead of email. Can you revise the figures slightly before sharing the final report? During ground force training example style. New manager expert long support current economy run. Please treat this message with appropriate discretion.,Change in communication; Market manipulation/Misconduct
2025-10-16 08:41:55,larsontami@example.org,patelreginald@example.net,Client review summary,The vendor mentioned an appreciation if we clear this quickly. Please keep the attached document restricted to internal teams only. Ball great read stock majority country inside big now. Theory type range exist quite claim early speech home resource too agent time fall total. Please treat this message with appropriate discretion.,Market bribery; Secrecy
2025-10-06 08:41:55,leecurtis@example.com,anthonypalmer@example.net,Meeting notes and next steps,The vendor mentioned an appreciation if we clear this quickly. Avoid extending this discussion over official mail. We identified possible conflict of interest in client handling. Watch prepare perhaps easy financial but. Receive economic these cell property politics safe reflect consider represent improve case easy improve scientist. Please treat this message with appropriate discretion.,Market bribery; Change in communication; Employee ethics
2025-10-06 08:41:55,kimberlyward@example.net,brandymoyer@example.org,Monthly report attached,Customer mentioned poor response from the support team. Director note daughter fish organization suddenly usually. Week institution ask rather director hope within describe continue real upon police research article mean always. Please treat this message with appropriate discretion.,Complaints
2025-09-08 08:41:55,justinwhite@example.net,aford@example.com,Monthly report attached,Attached is the finalized interest rate sheet for the current quarter.,Compliant
2025-01-11 08:41:55,jwalters@example.net,laura35@example.com,Internal update,Sharing internal memo for next week’s compliance meeting.,Compliant
2025-01-12 08:41:55,ejohnson@example.org,harmoncassie@example.org,Meeting notes and next steps,Avoid circulating this investment report outside the department. But stage letter hold picture level may material discuss time page. Shoulder talk bit good cover house traditional although fight see yet song. Please treat this message with appropriate discretion.,Secrecy
2025-04-17 08:41:55,christineevans@example.com,jgrant@example.com,Internal update,Sharing internal memo for next week’s compliance meeting.,Compliant
2025-01-02 08:41:55,jacksonrachel@example.net,lewisnicholas@example.org,Action required before submission,Let's align numbers based on tomorrow’s results before publishing. Let’s ensure the attached data remains confidential within our group. Moment tax thus never nothing for approach which gas trade during. Official across involve these consider their degree color member provide family he teacher. Please treat this message with appropriate discretion.,Market manipulation/Misconduct; Secrecy
2025-05-24 08:41:55,katelyn68@example.com,ritterandrew@example.org,Team coordination note,We might get a favor if we approve their proposal early. Democratic any simply bring phone buy prevent region though more own per. Less serious group sing kid rock north game learn health hard right all kid bit new. Please treat this message with appropriate discretion.,Market bribery
2025-04-20 08:41:55,gmills@example.org,thomas57@example.net,Internal update,Concerns raised about a team member sharing internal data externally. Customer mentioned poor response from the support team. Hope challenge fact establish design power agree. Either similar already program fall radio officer wife interview continue such last public change enter. Please treat this message with appropriate discretion.,Employee ethics; Complaints
2025-02-14 08:41:55,shannonwarren@example.com,schroederlogan@example.org,Internal update,Please review the attached reconciliation file and approve.,Compliant
2025-01-15 08:41:55,dennis12@example.net,smithdylan@example.org,Action required before submission,Let's align numbers based on tomorrow’s results before publishing. Avoid circulating this investment report outside the department. Hold well hope produce machine toward into. Beautiful help leave each too push travel spring letter summer. Please treat this message with appropriate discretion.,Market manipulation/Misconduct; Secrecy
2025-05-09 08:41:55,veronicabaker@example.org,danieltravis@example.com,Internal update,Please review the attached reconciliation file and approve.,Compliant
2025-04-03 08:41:55,kathrynfarrell@example.org,krystalyoung@example.org,Team coordination note,Concerns raised about a team member sharing internal data externally. Politics must less back write enough say various condition high alone officer upon. Mention include top condition food listen suggest your follow agree benefit operation least anyone. Please treat this message with appropriate discretion.,Employee ethics
2025-02-17 08:41:55,ppena@example.org,ashley65@example.org,Meeting notes and next steps,Attached is the finalized interest rate sheet for the current quarter.,Compliant
2025-03-07 08:41:55,rmiller@example.net,vblanchard@example.org,Team coordination note,Sharing internal memo for next week’s compliance meeting.,Compliant
2025-08-01 08:41:55,matthewmartin@example.net,brownkaren@example.com,Internal update,Attached is the finalized interest rate sheet for the current quarter.,Compliant
2025-03-18 08:41:55,laurakhan@example.org,mwilkins@example.org,Action required before submission,Let's align numbers based on tomorrow’s results before publishing. Concerns raised about a team member sharing internal data externally. Direction difference notice every after product our. Between often green marriage reflect mean soon choice eight foreign my avoid describe buy avoid. Please treat this message with appropriate discretion.,Market manipulation/Misconduct; Employee ethics
2025-10-23 08:41:55,jennifer18@example.com,robert60@example.com,Action required before submission,Kindly confirm the updated KYC document before next transaction.,Compliant
2024-11-22 08:41:55,raymondjones@example.net,charles60@example.org,Meeting notes and next steps,We can discuss this over a call instead of email. The client reported dissatisfaction with delayed service. The vendor mentioned an appreciation if we clear this quickly. Rather attack campaign should similar town course figure cup over decade. Knowledge their natural talk full figure network test who. Please treat this message with appropriate discretion.,Change in communication; Complaints; Market bribery
2025-07-24 08:41:55,grossteresa@example.com,lauren19@example.net,Team coordination note,Kindly confirm the updated KYC document before next transaction.,Compliant
2024-12-28 08:41:55,olopez@example.org,bwilliams@example.com,Client review summary,Avoid extending this discussion over official mail. Concerns raised about a team member sharing internal data externally. Avoid circulating this investment report outside the department. Should away majority later interesting seem. Case sit foot amount hold opportunity standard general body fact thing store. Please treat this message with appropriate discretion.,Change in communication; Employee ethics; Secrecy
2025-04-27 08:41:55,andreadaugherty@example.org,jmayer@example.net,Client review summary,Kindly confirm the updated KYC document before next transaction.,Compliant
2025-07-04 08:41:55,nelsondavid@example.org,zbeck@example.com,Meeting notes and next steps,Avoid extending this discussion over official mail. Can you revise the figures slightly before sharing the final report? Avoid circulating this investment report outside the department. Nothing purpose process drop federal charge your upon hard physical. Material decide laugh exactly successful about involve writer certainly firm. Please treat this message with appropriate discretion.,Change in communication; Market manipulation/Misconduct; Secrecy
2025-04-07 08:41:55,jennifer05@example.org,gary33@example.org,Action required before submission,They hinted at a reward for prioritizing their request. We can discuss this over a call instead of email. Ten charge house nearly maybe herself thought compare contain. Reality in man instead course management these item several south property whatever bank new. Please treat this message with appropriate discretion.,Market bribery; Change in communication
2025-08-24 08:41:55,gloria93@example.com,cheryl13@example.com,Monthly report attached,Here’s the project progress update as discussed in our call.,Compliant
2025-06-23 08:41:55,njones@example.net,cmeadows@example.com,Monthly report attached,The client reported dissatisfaction with delayed service. They hinted at a reward for prioritizing their request. Probably foot human pretty discussion film best list finish individual its country. Head usually statement can trial yard however nor relate onto travel go affect son laugh. Please treat this message with appropriate discretion.,Complaints; Market bribery
2025-03-14 08:41:55,bradleyjoy@example.com,danielcastro@example.org,Team coordination note,Audit observed irregular entries in one associate’s activity. Avoid circulating this investment report outside the department. Support among part morning wear sort your ahead. Country source cell figure wonder east maybe cut there but. Please treat this message with appropriate discretion.,Employee ethics; Secrecy
2024-12-25 08:41:55,graychristina@example.com,colemanamy@example.org,Follow-up on pending item,Sharing internal memo for next week’s compliance meeting.,Compliant
2025-09-05 08:41:55,xsmith@example.net,michelle50@example.net,Action required before submission,The client meeting summary and minutes are attached for records.,Compliant
2025-09-05 08:41:55,maysmichael@example.com,lopeznicole@example.com,Client review summary,The client meeting summary and minutes are attached for records.,Compliant
2024-11-23 08:41:55,kayla62@example.com,mistyroberts@example.com,Client review summary,Please review the attached reconciliation file and approve.,Compliant
2025-02-15 08:41:55,sarahmatthews@example.com,tracigross@example.net,Team coordination note,Attached is the finalized interest rate sheet for the current quarter.,Compliant
2025-03-19 08:41:55,carlsonkatherine@example.com,browntravis@example.net,Please verify the attached details,Received escalation due to wrong debit entries on account. Yourself training these authority heart word word here not last great. Recognize quickly picture full gun right rock it second. Please treat this message with appropriate discretion.,Complaints
2025-09-10 08:41:55,shelbywashington@example.com,candicemartin@example.org,Meeting notes and next steps,Attached is the finalized interest rate sheet for the current quarter.,Compliant
2025-07-25 08:41:55,pbrown@example.com,dyoung@example.net,Internal update,Avoid circulating this investment report outside the department. We can discuss this over a call instead of email. The client reported dissatisfaction with delayed service. Try mother she move item research stuff somebody art writer group. Budget price commercial place record know single dog car spend could. Please treat this message with appropriate discretion.,Secrecy; Change in communication; Complaints
2025-07-03 08:41:55,wardmichael@example.com,tporter@example.com,Action required before submission,Sharing internal memo for next week’s compliance meeting.,Compliant
